Modulator	Frequency (Hz)	Amplitude
1	4687.959267526385	2.096600447635865
2	818.7158520536796	5.140181962145707
3	3907.746273869183	2.514656320644919
4	3312.3209256753325	0.07470224124945268
