Modulator	Frequency (Hz)	Amplitude
1	2496.0457918577317	1.475344809916479
2	2498.8864312169367	8.75900762993694
3	2487.9577297794617	1.5792612322758985
4	2488.737633696492	0.2992975992373329
