Modulator	Frequency (Hz)	Amplitude
1	147.35666782854423	7.798755023132708
2	149.9848326413271	0.682359152010739
3	150.74992786519306	1.3911576148551754
4	299.520322374075	0.7520693205804037
