Modulator	Frequency (Hz)	Amplitude
1	1773.8760271184292	2.4163895892949103
2	4428.982464156681	4.069859920487502
3	1947.7482458502054	2.398409739490166
4	3386.6568162145286	0.10229641255203603
