Modulator	Frequency (Hz)	Amplitude
1	5.093333264416287	3.745954794413894
2	2112.6567794734474	0.0
3	1026.288521161846	7.73172602495222
4	2745.0794093962613	8.349691899006285
