Modulator	Frequency (Hz)	Amplitude
1	2500.8346617471893	2.279966656329719
2	2502.595692011939	8.35065454157449
3	2489.6920686986664	8.080497143805488
4	2492.4551968020664	0.0
