Modulator	Frequency (Hz)	Amplitude
1	2494.1090194964327	4.416368952883279
2	2499.631749276421	6.82900848215217
3	2503.8955095532538	7.093468036935825
4	2505.5399049103676	9.207658009877388
