Modulator	Frequency (Hz)	Amplitude
1	2509.1624062967585	5.337064772984625
2	2497.742260909912	1.8081693716927325
3	2503.9166606834315	0.0
4	2500.6200915359323	4.496855953216247
