Modulator	Frequency (Hz)	Amplitude
1	2508.8909159914	4.009770141193357
2	3691.613732878841	1.1520396951553504
3	2458.864561787055	5.8420742312903045
4	1223.6010294762618	3.6247424717154626
