Modulator	Frequency (Hz)	Amplitude
1	317.2282850140773	6.673177019927998
2	777.6133582250768	1.216381987930065
3	769.7526615037032	0.16873114719281546
4	308.7729566350217	2.251416747813785
