Modulator	Frequency (Hz)	Amplitude
1	161.3701947927475	0.0
2	1924.7948873462155	4.108816702617332
3	3953.59771887213	7.370889270678163
4	2502.9213779717684	3.3213437949307263
