Modulator	Frequency (Hz)	Amplitude
1	70.76895525262034	1.235033050527532
2	35.18628789193872	1.3030526849806554
3	71.64933707009277	0.8854207754839365
4	177.1234239416649	0.3060297984283453
