Modulator	Frequency (Hz)	Amplitude
1	2502.6754173639083	6.7163111168281
2	2501.933055218221	0.0
3	2502.6313371396136	3.652416865891749
4	2502.9935325612096	4.5233116217312315
