Partial	Frequency (Hz)	Amplitude
1	95.70101073642263	0.8140537130138037
2	96.68629431735326	0.749128372335686
3	97.37628855985076	0.346017839807538
4	873.4495812928174	0.00221944731396323
