Modulator	Frequency (Hz)	Amplitude
1	2499.539282849746	1.877740614224875
2	2500.217664477921	1.9645622047941282
3	2508.571650884145	8.781584345522194
4	2499.726761442547	3.8886087928820725
