Modulator	Frequency (Hz)	Amplitude
1	1311.0859488210426	9.699336664441653
2	3893.474838757189	9.440993820696463
3	3213.821182066993	0.0
4	2942.325500131834	9.268157208134653
