Modulator	Frequency (Hz)	Amplitude
1	2501.052805617687	0.2964756515543037
2	2502.908707465692	9.008446612946733
3	2486.9159604162173	3.2534097747304496
4	2484.2931092825966	2.3091861775004867
