Modulator	Frequency (Hz)	Amplitude
1	222.37480105487884	8.465826671284024
2	993.9898500099962	1.7864057444985324
3	1068.9354363391685	2.1268628931155327
4	149.89637042923187	0.80364174866145
