Modulator	Frequency (Hz)	Amplitude
1	381.16433136741534	0.4631044996588676
2	762.4237726422757	0.999223798800938
3	1064.07238013822	4.5212540337254215
4	2972.4937981381036	9.112670518612457
