Modulator	Frequency (Hz)	Amplitude
1	460.6094855889896	5.541781051306989
2	1381.7463957157954	0.17151720432479767
3	1847.2816746890694	0.6916618208894523
4	457.2963727535762	1.2187543947933661
