Modulator	Frequency (Hz)	Amplitude
1	81.25441110732481	0.0
2	4034.525309398643	0.0
3	4292.744706651596	8.99025570390485
4	1459.7774226926413	6.702571010763503
