Modulator	Frequency (Hz)	Amplitude
1	147.3283135651136	4.25419580198686
2	149.99341104215273	0.2885087057229194
3	297.3484351277157	0.7747022606921378
4	74.2582238666173	2.919050151875176
