Modulator	Frequency (Hz)	Amplitude
1	460.5613962972591	4.111254483311825
2	460.57122673151275	0.5309105646542226
3	461.7423323752787	0.8244082369797248
4	2672.6661085231176	0.2009748603398558
