Modulator	Frequency (Hz)	Amplitude
1	9.499991599802343	7.720685870317739
2	590.4817959627721	1.4234341172425502e-07
3	3147.368176001096	7.921041606335387
4	3126.6300083874507	6.383366239547318
