Modulator	Frequency (Hz)	Amplitude
1	111.24613264061918	0.7756091941893466
2	57.20100052504176	0.08663946631323878
3	1484.347268829187	0.010392416743730593
4	2022.4466612535007	4.068672731117319
