Modulator	Frequency (Hz)	Amplitude
1	6.250009044029866	1.9791272338111847
2	3567.7558822393485	2.995177439402141e-08
3	2774.100617467832	3.159632330474457
4	3765.250044837907	8.050258014193188
