Modulator	Frequency (Hz)	Amplitude
1	4359.543085586831	3.6369588817631335
2	4820.125923493866	1.870600881981483
3	4126.907877267175	0.2791125351904231
4	3558.223657842689	5.25152015876505
