Modulator	Frequency (Hz)	Amplitude
1	233.26610674559242	7.140658033541499
2	163.781021597807	0.4971222158117103
3	436.99962814924675	0.21101759435285494
4	29.528555735056216	0.13073052038409827
