Modulator	Frequency (Hz)	Amplitude
1	2493.744341821002	9.639170519587985
2	2503.9542350674	9.46581588497873
3	2492.451324634491	8.918362667912369
4	2489.4161684799374	0.0
