Modulator	Frequency (Hz)	Amplitude
1	126.75039919158553	0.015333753428595998
2	452.4283283706909	0.0
3	1495.1176762423293	7.395271985360342
4	1704.4220400806526	7.0440197202115975
