Modulator	Frequency (Hz)	Amplitude
1	396.61971818807615	8.59695704260158
2	2589.627702470869	0.9244479343287697
3	175.05850077047944	1.8420200404262026
4	3558.3914484136785	1.8495990496106511
