Modulator	Frequency (Hz)	Amplitude
1	2500.7519109481236	0.0
2	2501.5337087150447	4.048783805769704
3	2502.017544355305	0.0
4	2500.762890869137	4.465419724009601
