Modulator	Frequency (Hz)	Amplitude
1	2502.7703457813477	3.2548154944159013
2	2500.537437499893	0.005236145097655952
3	2502.4916140967916	6.2442084755387945
4	2501.993659681402	4.7312719584992715
