Modulator	Frequency (Hz)	Amplitude
1	1172.789878719277	4.052487782435492
2	2867.8567424073663	7.065986706572964
3	4336.297376538409	3.716206213515406
4	4206.168586569405	0.7691041234670593
