Modulator	Frequency (Hz)	Amplitude
1	147.36642021247917	9.96658958482112
2	149.9583270684916	0.6672885167698395
3	149.18894648275182	1.4236125569135583
4	300.35169376920476	0.8022499104940461
