Modulator	Frequency (Hz)	Amplitude
1	297.02934545506054	1.6777313608736795
2	444.0286153098969	2.201607041870038
3	444.0259011339225	0.8842289858365586
4	3872.4208111279745	0.0011312871404661135
