Modulator	Frequency (Hz)	Amplitude
1	18.574105125892856	1.3031510301848783
2	4382.88406896557	0.0
3	3558.5085361025194	1.8097017163365106
4	3811.280229751679	3.376541155295854
