Modulator	Frequency (Hz)	Amplitude
1	70.82123921338552	5.454227915756075
2	3454.0599889971436	0.41337982038881904
3	3052.708669392996	1.8647606575265137
4	436.5073172526063	1.9135972197831848
