Modulator	Frequency (Hz)	Amplitude
1	2502.8472872195484	5.009784092381166
2	2501.7046019931668	0.0
3	2503.973117135777	4.161969765847177
4	2502.9854839993586	4.792345380407456
