Modulator	Frequency (Hz)	Amplitude
1	460.6414338262123	6.218431647861637
2	920.4732775011983	0.6922038334702014
3	921.7076500523624	1.6095158261093436
4	921.7011616649479	0.6427870197005214
