Modulator	Frequency (Hz)	Amplitude
1	3710.5661177813927	4.30924109383294
2	3781.3904963134064	1.8667438181790459
3	1614.2876716608935	0.4513424347926289
4	4570.980375647465	3.0007674996462192
