Modulator	Frequency (Hz)	Amplitude
1	2494.809589807833	9.639170519587985
2	2504.480876779202	9.46581588497873
3	2495.04528959753	8.918485546609729
4	2492.9224120480544	0.0
