Modulator	Frequency (Hz)	Amplitude
1	5.086251982902247	8.679021426825784
2	25.722940504244434	0.035079720753386064
3	93.0038073386877	0.033118253960775244
4	66.40515638144552	7.489026660452115
