Modulator	Frequency (Hz)	Amplitude
1	1156.0082508114174	8.801974810370911
2	2867.86321574289	3.2154455221130185
3	4336.297376538409	3.6849329743450596
4	4206.1707647024705	0.7811157847820684
