Modulator	Frequency (Hz)	Amplitude
1	35.79839359860216	5.425824859602422
2	106.76649035744094	1.2005245065058507
3	36.57404530925214	1.2063855485475012
4	35.45967428892027	1.5226126826732447
