Modulator	Frequency (Hz)	Amplitude
1	70.82426098004134	7.204565924859651
2	35.02120537879682	1.3016546835150788
3	35.80543190231492	1.0684210246150845
4	121.13278711114481	0.008858519463945669
