Modulator	Frequency (Hz)	Amplitude
1	2504.1785117032914	3.8148855324337405
2	2496.3710371904754	5.18664029602318
3	2501.780584875113	0.0
4	2498.803676547067	0.7475357718956268
