Modulator	Frequency (Hz)	Amplitude
1	2502.1695139530366	0.0
2	2501.825289589532	4.57148122398366
3	2501.7069291863495	4.578554916653694
4	2502.721146331129	0.3279527899356937
