Modulator	Frequency (Hz)	Amplitude
1	447.99923267153963	8.221500877820898
2	1339.7415995129008	0.07442716144506063
3	553.7829084718003	0.0505504860179693
4	2254.0560253830417	0.28309868337917177
