Modulator	Frequency (Hz)	Amplitude
1	4392.681945903754	7.5648368645097435
2	4451.5183468320465	0.051377327869413056
3	313.1071636741972	1.294167266732659
4	43.08182624756682	3.191670507642362
