Modulator	Frequency (Hz)	Amplitude
1	147.8283943615843	4.5867555490346215
2	148.58430728401072	0.09565490905195019
3	74.48335054710515	6.794306160662721
4	29.763358105215502	0.03827447683409742
