Modulator	Frequency (Hz)	Amplitude
1	2504.01969656707	5.488063578151224
2	2506.0601224456	6.241561453593729
3	2503.273594891006	8.83358093169392
4	2496.392670649263	7.748163766751387
