Modulator	Frequency (Hz)	Amplitude
1	77.99928642520808	2.4721825495838097
2	3529.055548868908	0.0
3	4168.271380089387	0.6982973782270285
4	3106.7984448247535	2.274653713591716
