Modulator	Frequency (Hz)	Amplitude
1	460.5661122590536	7.503564971536257
2	3455.895960356109	0.01492361141206544
3	4466.641451338899	1.593370382504645
4	91.55711272708504	8.334061043139883
