Modulator	Frequency (Hz)	Amplitude
1	3778.606927412231	0.32007984856029736
2	3631.2418995180215	1.8631120537047465
3	3780.573379383355	0.07434423825496683
4	2247.110325849888	4.69187763581067
