Modulator	Frequency (Hz)	Amplitude
1	147.36295977008922	5.326903642703517
2	2763.4297939361313	0.016950975221745955
3	4572.331171629623	1.6550373915204695
4	1557.625829867793	2.224994824072269
