Modulator	Frequency (Hz)	Amplitude
1	32.25208225632741	7.406887691653623
2	3805.237243743237	0.0
3	2071.3167936154623	1.2194745725064742
4	4599.836960943179	6.811099246071535
