Modulator	Frequency (Hz)	Amplitude
1	449.5017285145559	4.898166331923395
2	1333.7581283728323	0.029738245954558967
3	993.0714554096594	0.17734186325939305
4	455.75250978553595	2.0903362649419837
