Modulator	Frequency (Hz)	Amplitude
1	2502.3582037195733	5.208793220808253
2	2502.7136241485355	5.346062209567369
3	2502.1514825150434	5.467057906100479
4	2502.3804298392006	4.54435596861649
