Modulator	Frequency (Hz)	Amplitude
1	2502.4987430863107	3.9024584985007063
2	2502.817036631478	0.0
3	2502.3782436547203	5.905066716203526
4	2502.1509587046394	3.164388594618787
