Modulator	Frequency (Hz)	Amplitude
1	5.750009802580735	0.9928028310481594
2	1295.690816799833	2.849397109372376e-07
3	3892.711359955426	1.3934424157863945
4	3704.316997118226	8.804210819940309
