Frequency (Hz)	Amplitude
444.7368421052632	0.0037356817600473517
452.63157894736844	0.006030159046872311
460.5263157894737	0.11105969340782941
478.94736842105266	0.0020537672319823827
921.0526315789474	0.016148191886553375
926.3157894736843	0.01246867309082693
