Modulator	Frequency (Hz)	Amplitude
4	1366.049632098819	4.159059615802208
3	4248.010168014447	1.358986188252413
2	593.8650604207382	0.11798411405332722
1	146.99337005812478	0.7110459643826258
