Modulator	Frequency (Hz)	Amplitude
4	2500.2465201063205	9.130581147267781
3	3477.196793768137	11.98231328376542
2	892.3228515357171	5.800529752411732
1	3716.4523961923005	14.143119660861027
